"term","estimate","std.error","statistic","p.value"
"Conc",495001.475024728,999.7380191768,495.131189901451,3.38427141451972e-44
