"term","estimate","std.error","statistic","p.value"
"Conc",597397.375279944,1233.75126418775,484.2121687091,5.4053576902956e-44
